key,value
<<<<<<< HEAD,
<<<<<<< HEAD
data_updated_at,2026-09-07 07:51:44
all_item_updated_at,2026-08-19 14:46:34
leadji_updated_at,2026-08-21 09:08:00
wip_inventory_updated_at,2026-09-08 07:48:49
wip_inventory_source_label,"APS WIP 정리 스냅샷 (2026-09-08 07:48:49; WH_NAME 사출창고, 분리창고, 검사접착, 누수규격검사)"
wip_inventory_refreshed_at,2026-09-08 09:47:07
data_updated_at_C관,2026-09-07 07:51:44
data_updated_at_A관,2026-09-07 07:51:44
data_updated_at_S관,2026-09-07 07:51:44
=======,
data_updated_at,2026-09-07 07:51:44
all_item_updated_at,2026-08-19 14:46:34
leadji_updated_at,2026-08-21 09:08:00
wip_inventory_updated_at,2026-09-08 07:48:49
wip_inventory_source_label,"APS WIP 정리 스냅샷 (2026-09-08 07:48:49; WH_NAME 사출창고, 분리창고, 검사접착, 누수규격검사)"
wip_inventory_refreshed_at,2026-09-08 09:47:07
data_updated_at_C관,2026-09-07 07:51:44
data_updated_at_A관,2026-09-07 07:51:44
data_updated_at_S관,2026-09-07 07:51:44
=======
data_updated_at,2026-09-07 18:35:44
all_item_updated_at,2026-08-19 14:46:34
leadji_updated_at,2026-08-21 09:08:00
wip_inventory_updated_at,2026-09-07 18:50:54
wip_inventory_source_label,"APS WIP 정리 스냅샷 (2026-09-07 18:50:54; WH_NAME 사출창고, 분리창고, 검사접착, 누수규격검사)"
wip_inventory_refreshed_at,2026-09-07 22:07:56
data_updated_at_C관,2026-09-07 18:35:44
data_updated_at_A관,2026-09-07 18:35:44
data_updated_at_S관,2026-09-07 18:35:44
=======,
data_updated_at,2026-09-07 18:35:44
all_item_updated_at,2026-08-19 14:46:34
leadji_updated_at,2026-08-21 09:08:00
wip_inventory_updated_at,2026-09-07 18:50:54
wip_inventory_source_label,"APS WIP 정리 스냅샷 (2026-09-07 18:50:54; WH_NAME 사출창고, 분리창고, 검사접착, 누수규격검사)"
wip_inventory_refreshed_at,2026-09-07 22:07:56
data_updated_at_C관,2026-09-07 18:35:44
data_updated_at_A관,2026-09-07 18:35:44
data_updated_at_S관,2026-09-07 18:35:44
>>>>>>> daf2d3ff193e999b450483a52f1d09ac1629b189
>>>>>>> 1da34a649140a7da6c0ceb83afa3ca326de5dd70,
